id,title,date_posted,content,user_id
2,This is Blog 2,2022-05-12 10:11:42.452972,"I am a new user and I am blogging here now..

I built this.. So Exciting.. Updated",2
3,New Post from happy students,2022-05-12 11:29:37.108908,THIS IS A NEW POST.. I am editing it,1
4,Data Science,2022-05-13 00:13:44.945587,"This is a booming concept.. it is not just building them, but also to deploy them out.",2
5,Awesome,2022-05-13 00:14:14.056208,We are learning how the machines are learning...,2
6,I am adding a lot of posts,2022-05-13 00:14:32.491014,This is to check the page nation,2
7,Is it worth it?,2022-05-13 00:14:48.339011,I have to try.. I really need this,2
8,New post,2022-05-13 00:15:05.639494,This is a new post,2
9,Game,2022-05-13 00:15:28.455823,Java script games are interesting to build and play,2
10,This is annoying,2022-05-13 00:16:20.956829,I have to create a new post everytime I have to navigate to different page,2
11,post 10,2022-05-13 00:17:18.128549,This is 10th post,2
12,Flask,2022-05-13 00:17:31.641820,Micro framework on python,2
13,Django,2022-05-13 00:17:47.608207,More standardised than flask,2
14,Python,2022-05-13 00:18:07.606290,Programming language for developers.. easy to use,2
15,Programming,2022-05-13 00:18:24.173283,Not so tough.. Looks so..,2
16,Hurry,2022-05-13 00:18:41.059485,It's Boring.. ,2
17,Almost there,2022-05-13 00:18:54.175322,Keep going,2
18,Pagenating,2022-05-13 03:45:07.965794,Not many post,2
19,For youtube channel,2022-05-13 03:45:39.475180,This is important,2
20,I need 25,2022-05-13 04:23:06.294359,I heed 25 posts,2
21,we are at 20,2022-05-13 04:23:22.745051,five more to go,2
22,is she faking?,2022-05-13 04:23:38.278750,I am I crazy?,2
23,Hold your ground,2022-05-13 04:23:54.795159,You have to take control,2
24,let us wait and see,2022-05-13 04:24:37.927902,OOPS.. my bad,2
25,Two more,2022-05-13 04:25:48.478709,Come on,2
26,Last but not least,2022-05-13 04:26:02.046050,Hello world,2
27,This is new,2022-05-15 00:16:26.412097,testing the old version,2
